Iteration,estimated_params
1,"[0.1475827, 0.6486422, 0.23306972, 4.9577, 0.1058, 1.2562479, 0.8435499, 0.5400522, 0.1054, 2.4598732]"
2,"[4.9944, 4.824657, 4.9829, 4.890407, 4.9831, 4.9193, 4.9969273, 4.6708407, 4.956, 4.944863]"
3,"[4.9944, 4.7271404, 4.9829, 4.827037, 4.9831, 4.9193, 4.9971, 2.202455, 4.9711075, 4.972766]"
4,"[3.5872326, 4.948865, 4.9829, 4.9031677, 4.947868, 4.6882315, 3.5990715, 0.9259365, 4.9735675, 4.741104]"
