Iteration,test_preds,estimated_params
1,"[-0.9287188, 4.2341337, -0.24444962, 1.5476773, 1.0304363, 1.4233057, -0.26349968, 0.025842912, -0.35047024, 0.106448084, 0.008654684, 0.17258699, -0.06637357, -0.2352598, 0.1653292, -0.13923477, -0.07625791, -0.03377808, 0.064585, 0.049972534, 0.021031238]","[3.6423469, 4.801459, 1.4156002, 4.6727495, 2.8711889, 0.5898119, 3.0369143, 3.5560007, 4.761386, 1.8753297]"
