Iteration,test_preds,estimated_params
1,"[2.7738445, -11.046852, -5.7513375, -0.7087807, 0.027188301, -2.724853, 0.055255666, 0.2904552, -0.17167617, 0.15646887, -0.21427837, -0.5504744, 0.08505145, 0.23085251, -0.14588922, 0.17835867, 0.1001603, -0.022257466, 0.11024898, 0.02021169, -0.023548514]","[4.9944, 4.9469, 4.9502, 4.9683, 4.9831, 4.731176, 4.9971, 4.987, 4.956, 4.9902]"
2,"[2.951887, -11.26105, -6.05806, -0.8306625, -0.98276275, -3.4862666, 0.22464748, 0.5511454, 0.10009518, -0.046096027, -0.0637199, -0.6509238, 0.076021165, 0.20342651, -0.14721945, 0.1812305, 0.12662874, 0.06702629, 0.16431594, -0.0012241937, -0.07593894]","[4.9944, 4.9469, 4.9502, 4.9683, 4.9831, 4.7458105, 4.9971, 4.987, 4.956, 4.9902]"
