Iteration,test_preds,estimated_params
1,"[5.8466377, -20.051773, -9.3563795, -2.7223754, -0.9875207, -2.9960704, 0.42911267, -0.48784858, -1.5873678, -0.76760674, 1.3926725, -2.4358628, 0.13448, -2.0540266, -0.82109374, -0.65774435, -1.2725946, -2.4070785, -0.8105914, 0.5083125, 0.1191633]","[1.0587854, 1.0107572, 0.9983016, 1.0363165, 0.9890821, 0.99154246, 1.0093293, 0.93544734, 0.97972023, 0.9974506]"
2,"[5.6557393, -19.239777, -8.9959545, -2.6620593, -1.4571958, -3.3995855, 0.5457541, -0.22465348, -1.3473284, -1.0262214, 1.544596, -2.569439, 0.09584686, -1.9337859, -0.8004902, -0.4739411, -1.3306313, -2.2012315, -0.8270028, 0.61974204, 0.008425246]","[0.9726141, 0.9738791, 0.99499345, 1.0506631, 1.0080909, 0.9939008, 1.1693555, 0.6889762, 1.0024799, 1.0010315]"
